{"v":"5.1.20","fr":30,"ip":0,"op":300,"w":560,"h":560,"nm":"合成 2","ddd":0,"assets":[{"id":"image_0","w":47,"h":48,"u":"images/","p":"img_0.png","e":0},{"id":"image_1","w":44,"h":41,"u":"images/","p":"img_1.png","e":0},{"id":"image_2","w":206,"h":77,"u":"images/","p":"img_2.png","e":0},{"id":"image_3","w":358,"h":113,"u":"images/","p":"img_3.png","e":0},{"id":"image_4","w":136,"h":403,"u":"images/","p":"img_4.png","e":0},{"id":"image_5","w":246,"h":210,"u":"images/","p":"img_5.png","e":0},{"id":"image_6","w":411,"h":456,"u":"images/","p":"img_6.png","e":0},{"id":"image_7","w":202,"h":144,"u":"images/","p":"img_7.png","e":0},{"id":"image_8","w":510,"h":520,"u":"images/","p":"img_8.png","e":0},{"id":"image_9","w":660,"h":660,"u":"images/","p":"img_9.png","e":0},{"id":"comp_0","layers":[{"ddd":0,"ind":1,"ty":2,"nm":"闪闪.png","cl":"png","refId":"image_0","sr":1,"ks":{"o":{"a":0,"k":100,"ix":11},"r":{"a":1,"k":[{"i":{"x":[0.667],"y":[1]},"o":{"x":[0.333],"y":[0]},"n":["0p667_1_0p333_0"],"t":198,"s":[0],"e":[159]},{"t":220}],"ix":10},"p":{"a":0,"k":[446,300,0],"ix":2},"a":{"a":0,"k":[23.5,24,0],"ix":1},"s":{"a":1,"k":[{"i":{"x":[0.667,0.667,0.667],"y":[1,1,1]},"o":{"x":[0.333,0.333,0.333],"y":[0,0,0]},"n":["0p667_1_0p333_0","0p667_1_0p333_0","0p667_1_0p333_0"],"t":198,"s":[0,0,100],"e":[80,80,100]},{"i":{"x":[0.667,0.667,0.667],"y":[1,1,1]},"o":{"x":[0.333,0.333,0.333],"y":[0,0,0]},"n":["0p667_1_0p333_0","0p667_1_0p333_0","0p667_1_0p333_0"],"t":209,"s":[80,80,100],"e":[0,0,100]},{"t":220}],"ix":6}},"ao":0,"ip":197,"op":222,"st":136,"bm":0},{"ddd":0,"ind":2,"ty":2,"nm":"闪闪.png","cl":"png","refId":"image_0","sr":1,"ks":{"o":{"a":0,"k":100,"ix":11},"r":{"a":1,"k":[{"i":{"x":[0.667],"y":[1]},"o":{"x":[0.333],"y":[0]},"n":["0p667_1_0p333_0"],"t":187,"s":[0],"e":[159]},{"t":209}],"ix":10},"p":{"a":0,"k":[195.768,451.5,0],"ix":2},"a":{"a":0,"k":[23.5,24,0],"ix":1},"s":{"a":1,"k":[{"i":{"x":[0.667,0.667,0.667],"y":[1,1,1]},"o":{"x":[0.333,0.333,0.333],"y":[0,0,0]},"n":["0p667_1_0p333_0","0p667_1_0p333_0","0p667_1_0p333_0"],"t":187,"s":[0,0,100],"e":[80,80,100]},{"i":{"x":[0.667,0.667,0.667],"y":[1,1,1]},"o":{"x":[0.333,0.333,0.333],"y":[0,0,0]},"n":["0p667_1_0p333_0","0p667_1_0p333_0","0p667_1_0p333_0"],"t":198,"s":[80,80,100],"e":[0,0,100]},{"t":209}],"ix":6}},"ao":0,"ip":186,"op":211,"st":125,"bm":0},{"ddd":0,"ind":3,"ty":2,"nm":"闪闪.png","cl":"png","refId":"image_0","sr":1,"ks":{"o":{"a":0,"k":100,"ix":11},"r":{"a":1,"k":[{"i":{"x":[0.667],"y":[1]},"o":{"x":[0.333],"y":[0]},"n":["0p667_1_0p333_0"],"t":150,"s":[0],"e":[159]},{"t":172}],"ix":10},"p":{"a":0,"k":[257.768,247.4,0],"ix":2},"a":{"a":0,"k":[23.5,24,0],"ix":1},"s":{"a":1,"k":[{"i":{"x":[0.667,0.667,0.667],"y":[1,1,1]},"o":{"x":[0.333,0.333,0.333],"y":[0,0,0]},"n":["0p667_1_0p333_0","0p667_1_0p333_0","0p667_1_0p333_0"],"t":150,"s":[0,0,100],"e":[80,80,100]},{"i":{"x":[0.667,0.667,0.667],"y":[1,1,1]},"o":{"x":[0.333,0.333,0.333],"y":[0,0,0]},"n":["0p667_1_0p333_0","0p667_1_0p333_0","0p667_1_0p333_0"],"t":161,"s":[80,80,100],"e":[0,0,100]},{"t":172}],"ix":6}},"ao":0,"ip":149,"op":174,"st":88,"bm":0},{"ddd":0,"ind":4,"ty":2,"nm":"闪闪.png","cl":"png","refId":"image_0","sr":1,"ks":{"o":{"a":0,"k":100,"ix":11},"r":{"a":1,"k":[{"i":{"x":[0.667],"y":[1]},"o":{"x":[0.333],"y":[0]},"n":["0p667_1_0p333_0"],"t":59,"s":[0],"e":[159]},{"t":81}],"ix":10},"p":{"a":0,"k":[377.768,325.4,0],"ix":2},"a":{"a":0,"k":[23.5,24,0],"ix":1},"s":{"a":1,"k":[{"i":{"x":[0.667,0.667,0.667],"y":[1,1,1]},"o":{"x":[0.333,0.333,0.333],"y":[0,0,0]},"n":["0p667_1_0p333_0","0p667_1_0p333_0","0p667_1_0p333_0"],"t":59,"s":[0,0,100],"e":[80,80,100]},{"i":{"x":[0.667,0.667,0.667],"y":[1,1,1]},"o":{"x":[0.333,0.333,0.333],"y":[0,0,0]},"n":["0p667_1_0p333_0","0p667_1_0p333_0","0p667_1_0p333_0"],"t":70,"s":[80,80,100],"e":[0,0,100]},{"t":81}],"ix":6}},"ao":0,"ip":58,"op":83,"st":-3,"bm":0},{"ddd":0,"ind":5,"ty":2,"nm":"闪闪.png","cl":"png","refId":"image_0","sr":1,"ks":{"o":{"a":0,"k":100,"ix":11},"r":{"a":1,"k":[{"i":{"x":[0.667],"y":[1]},"o":{"x":[0.333],"y":[0]},"n":["0p667_1_0p333_0"],"t":93,"s":[0],"e":[159]},{"t":115}],"ix":10},"p":{"a":0,"k":[397.768,207.4,0],"ix":2},"a":{"a":0,"k":[23.5,24,0],"ix":1},"s":{"a":1,"k":[{"i":{"x":[0.667,0.667,0.667],"y":[1,1,1]},"o":{"x":[0.333,0.333,0.333],"y":[0,0,0]},"n":["0p667_1_0p333_0","0p667_1_0p333_0","0p667_1_0p333_0"],"t":93,"s":[0,0,100],"e":[80,80,100]},{"i":{"x":[0.667,0.667,0.667],"y":[1,1,1]},"o":{"x":[0.333,0.333,0.333],"y":[0,0,0]},"n":["0p667_1_0p333_0","0p667_1_0p333_0","0p667_1_0p333_0"],"t":104,"s":[80,80,100],"e":[0,0,100]},{"t":115}],"ix":6}},"ao":0,"ip":92,"op":117,"st":31,"bm":0},{"ddd":0,"ind":6,"ty":2,"nm":"闪闪.png","cl":"png","refId":"image_0","sr":1,"ks":{"o":{"a":0,"k":100,"ix":11},"r":{"a":1,"k":[{"i":{"x":[0.667],"y":[1]},"o":{"x":[0.333],"y":[0]},"n":["0p667_1_0p333_0"],"t":156,"s":[0],"e":[159]},{"t":178}],"ix":10},"p":{"a":0,"k":[541.768,187.4,0],"ix":2},"a":{"a":0,"k":[23.5,24,0],"ix":1},"s":{"a":1,"k":[{"i":{"x":[0.667,0.667,0.667],"y":[1,1,1]},"o":{"x":[0.333,0.333,0.333],"y":[0,0,0]},"n":["0p667_1_0p333_0","0p667_1_0p333_0","0p667_1_0p333_0"],"t":156,"s":[0,0,100],"e":[80,80,100]},{"i":{"x":[0.667,0.667,0.667],"y":[1,1,1]},"o":{"x":[0.333,0.333,0.333],"y":[0,0,0]},"n":["0p667_1_0p333_0","0p667_1_0p333_0","0p667_1_0p333_0"],"t":167,"s":[80,80,100],"e":[0,0,100]},{"t":178}],"ix":6}},"ao":0,"ip":155,"op":180,"st":94,"bm":0},{"ddd":0,"ind":7,"ty":2,"nm":"闪闪.png","cl":"png","refId":"image_0","sr":1,"ks":{"o":{"a":0,"k":100,"ix":11},"r":{"a":1,"k":[{"i":{"x":[0.667],"y":[1]},"o":{"x":[0.333],"y":[0]},"n":["0p667_1_0p333_0"],"t":117,"s":[0],"e":[159]},{"t":139}],"ix":10},"p":{"a":0,"k":[101,277.4,0],"ix":2},"a":{"a":0,"k":[23.5,24,0],"ix":1},"s":{"a":1,"k":[{"i":{"x":[0.667,0.667,0.667],"y":[1,1,1]},"o":{"x":[0.333,0.333,0.333],"y":[0,0,0]},"n":["0p667_1_0p333_0","0p667_1_0p333_0","0p667_1_0p333_0"],"t":117,"s":[0,0,100],"e":[80,80,100]},{"i":{"x":[0.667,0.667,0.667],"y":[1,1,1]},"o":{"x":[0.333,0.333,0.333],"y":[0,0,0]},"n":["0p667_1_0p333_0","0p667_1_0p333_0","0p667_1_0p333_0"],"t":128,"s":[80,80,100],"e":[0,0,100]},{"t":139}],"ix":6}},"ao":0,"ip":116,"op":141,"st":55,"bm":0},{"ddd":0,"ind":9,"ty":2,"nm":"闪闪.png","cl":"png","refId":"image_0","sr":1,"ks":{"o":{"a":0,"k":100,"ix":11},"r":{"a":1,"k":[{"i":{"x":[0.667],"y":[1]},"o":{"x":[0.333],"y":[0]},"n":["0p667_1_0p333_0"],"t":76,"s":[0],"e":[164]},{"t":98}],"ix":10},"p":{"a":0,"k":[472,187.4,0],"ix":2},"a":{"a":0,"k":[23.5,24,0],"ix":1},"s":{"a":1,"k":[{"i":{"x":[0.667,0.667,0.667],"y":[1,1,1]},"o":{"x":[0.333,0.333,0.333],"y":[0,0,0]},"n":["0p667_1_0p333_0","0p667_1_0p333_0","0p667_1_0p333_0"],"t":76,"s":[0,0,100],"e":[100,100,100]},{"i":{"x":[0.667,0.667,0.667],"y":[1,1,1]},"o":{"x":[0.333,0.333,0.333],"y":[0,0,0]},"n":["0p667_1_0p333_0","0p667_1_0p333_0","0p667_1_0p333_0"],"t":87,"s":[100,100,100],"e":[0,0,100]},{"t":98}],"ix":6}},"ao":0,"ip":0,"op":900,"st":0,"bm":0},{"ddd":0,"ind":11,"ty":2,"nm":"星形.png","cl":"png","refId":"image_1","sr":1,"ks":{"o":{"a":0,"k":100,"ix":11},"r":{"a":0,"k":0,"ix":10},"p":{"a":0,"k":[351,472,0],"ix":2},"a":{"a":0,"k":[22,20.5,0],"ix":1},"s":{"a":0,"k":[100,100,100],"ix":6}},"ao":0,"ip":0,"op":900,"st":0,"bm":0},{"ddd":0,"ind":12,"ty":2,"nm":"星形.png","cl":"png","refId":"image_1","sr":1,"ks":{"o":{"a":0,"k":100,"ix":11},"r":{"a":0,"k":0,"ix":10},"p":{"a":0,"k":[247,472,0],"ix":2},"a":{"a":0,"k":[22,20.5,0],"ix":1},"s":{"a":0,"k":[100,100,100],"ix":6}},"ao":0,"ip":0,"op":900,"st":0,"bm":0},{"ddd":0,"ind":13,"ty":2,"nm":"星形.png","cl":"png","refId":"image_1","sr":1,"ks":{"o":{"a":0,"k":100,"ix":11},"r":{"a":0,"k":0,"ix":10},"p":{"a":0,"k":[300,472,0],"ix":2},"a":{"a":0,"k":[22,20.5,0],"ix":1},"s":{"a":0,"k":[100,100,100],"ix":6}},"ao":0,"ip":0,"op":900,"st":0,"bm":0},{"ddd":0,"ind":14,"ty":2,"nm":"光效.png","cl":"png","refId":"image_2","sr":1,"ks":{"o":{"a":1,"k":[{"i":{"x":[0.667],"y":[1]},"o":{"x":[0.333],"y":[0]},"n":["0p667_1_0p333_0"],"t":55,"s":[0],"e":[100]},{"i":{"x":[0.667],"y":[1]},"o":{"x":[0.333],"y":[0]},"n":["0p667_1_0p333_0"],"t":66,"s":[100],"e":[100]},{"i":{"x":[0.833],"y":[1]},"o":{"x":[0.333],"y":[0]},"n":["0p833_1_0p333_0"],"t":75,"s":[100],"e":[0]},{"t":87}],"ix":11},"r":{"a":1,"k":[{"i":{"x":[0.667],"y":[1]},"o":{"x":[0.333],"y":[0]},"n":["0p667_1_0p333_0"],"t":51,"s":[-90],"e":[0]},{"i":{"x":[0.667],"y":[1]},"o":{"x":[0.333],"y":[0]},"n":["0p667_1_0p333_0"],"t":66,"s":[0],"e":[0]},{"t":75}],"ix":10},"p":{"a":0,"k":[300,370,0],"ix":2},"a":{"a":0,"k":[103,38.5,0],"ix":1},"s":{"a":1,"k":[{"i":{"x":[0.667,0.667,0.667],"y":[1,1,1]},"o":{"x":[0.333,0.333,0.333],"y":[0,0,0]},"n":["0p667_1_0p333_0","0p667_1_0p333_0","0p667_1_0p333_0"],"t":51,"s":[20,20,100],"e":[100,100,100]},{"i":{"x":[0.667,0.667,0.667],"y":[1,1,1]},"o":{"x":[0.333,0.333,0.333],"y":[0,0,0]},"n":["0p667_1_0p333_0","0p667_1_0p333_0","0p667_1_0p333_0"],"t":66,"s":[100,100,100],"e":[100,100,100]},{"i":{"x":[0.833,0.833,0.833],"y":[1,1,1]},"o":{"x":[0.333,0.333,0.333],"y":[0,0,0]},"n":["0p833_1_0p333_0","0p833_1_0p333_0","0p833_1_0p333_0"],"t":75,"s":[100,100,100],"e":[0,0,100]},{"t":87}],"ix":6}},"ao":0,"ip":-3,"op":897,"st":-3,"bm":0},{"ddd":0,"ind":15,"ty":2,"nm":"底.png","cl":"png","refId":"image_3","sr":1,"ks":{"o":{"a":0,"k":100,"ix":11},"r":{"a":0,"k":0,"ix":10},"p":{"a":0,"k":[299.24,470,0],"ix":2},"a":{"a":0,"k":[179,56.5,0],"ix":1},"s":{"a":0,"k":[100,100,100],"ix":6}},"ao":0,"ip":0,"op":900,"st":0,"bm":0},{"ddd":0,"ind":16,"ty":2,"nm":"矩形.png","cl":"png","td":1,"refId":"image_4","sr":1,"ks":{"o":{"a":1,"k":[{"i":{"x":[0.667],"y":[1]},"o":{"x":[0.333],"y":[0]},"n":["0p667_1_0p333_0"],"t":21,"s":[0],"e":[100]},{"i":{"x":[0.667],"y":[1]},"o":{"x":[0.333],"y":[0]},"n":["0p667_1_0p333_0"],"t":38,"s":[100],"e":[100]},{"i":{"x":[0.667],"y":[1]},"o":{"x":[0.333],"y":[0]},"n":["0p667_1_0p333_0"],"t":56,"s":[100],"e":[0]},{"t":66}],"ix":11},"r":{"a":1,"k":[{"i":{"x":[0.667],"y":[1]},"o":{"x":[0.333],"y":[0]},"n":["0p667_1_0p333_0"],"t":32,"s":[-45],"e":[41]},{"t":62}],"ix":10},"p":{"a":1,"k":[{"i":{"x":0.667,"y":1},"o":{"x":0.333,"y":0},"n":"0p667_1_0p333_0","t":32,"s":[101,273.055,0],"e":[492.48,259.055,0],"to":[65.2466659545898,-2.33333373069763,0],"ti":[-65.2466659545898,2.33333373069763,0]},{"t":62}],"ix":2},"a":{"a":0,"k":[68,201.5,0],"ix":1},"s":{"a":0,"k":[100,100,100],"ix":6}},"ao":0,"ip":2,"op":902,"st":2,"bm":0},{"ddd":0,"ind":17,"ty":4,"nm":"Mask Copy","tt":1,"sr":1,"ks":{"o":{"a":0,"k":100,"ix":11},"r":{"a":0,"k":0,"ix":10},"p":{"a":0,"k":[299.24,299.055,0],"ix":2},"a":{"a":0,"k":[198.24,220.055,0],"ix":1},"s":{"a":0,"k":[100,100,100],"ix":6}},"ao":0,"ef":[{"ty":5,"nm":"操控","np":5,"mn":"ADBE FreePin3","ix":1,"en":1,"ef":[{"ty":7,"nm":"人偶引擎","mn":"ADBE FreePin3 Puppet Engine","ix":1,"v":{"a":0,"k":1,"ix":1}},{"ty":7,"nm":"在透明背景上","mn":"ADBE FreePin3 On Transparent","ix":2,"v":{"a":0,"k":0,"ix":2}}]}],"shapes":[{"ty":"gr","it":[{"ty":"gr","it":[{"ind":0,"ty":"sh","ix":1,"ks":{"a":0,"k":{"i":[[0,0],[13.36,-7.72],[0,0],[0,-15.43],[0,0],[-13.37,-7.72],[0,0],[-13.37,7.72],[0,0],[0,15.43],[0,0],[13.36,7.72]],"o":[[-13.37,-7.72],[0,0],[-13.37,7.72],[0,0],[0,15.43],[0,0],[13.36,7.72],[0,0],[13.36,-7.72],[0,0],[0,-15.43],[0,0]],"v":[[205.45,5.79],[162.24,5.79],[21.6,87.01],[0,124.42],[0,286.89],[21.6,324.3],[162.24,405.52],[205.45,405.52],[346.09,324.3],[367.68,286.89],[367.68,124.42],[346.09,87.01]],"c":true},"ix":2},"nm":"路径 1","mn":"ADBE Vector Shape - Group","hd":false},{"ty":"tr","p":{"a":0,"k":[14.4,14.4],"ix":2},"a":{"a":0,"k":[0,0],"ix":1},"s":{"a":0,"k":[100,100],"ix":3},"r":{"a":0,"k":0,"ix":6},"o":{"a":0,"k":100,"ix":7},"sk":{"a":0,"k":0,"ix":4},"sa":{"a":0,"k":0,"ix":5},"nm":"变换"}],"nm":"路径","np":1,"cix":2,"ix":1,"mn":"ADBE Vector Group","hd":false},{"ty":"gr","it":[{"ind":0,"ty":"sh","ix":1,"ks":{"a":0,"k":{"i":[[-17.83,-10.29],[0,0],[0,-20.57],[0,0],[17.82,-10.29],[0,0],[17.82,10.29],[0,0],[0,20.57],[0,0],[-17.81,10.29],[0,0]],"o":[[0,0],[17.82,10.29],[0,0],[0,20.57],[0,0],[-17.83,10.29],[0,0],[-17.81,-10.29],[0,0],[0,-20.57],[0,0],[17.82,-10.29]],"v":[[227.05,7.72],[367.69,88.94],[396.48,138.82],[396.48,301.29],[367.69,351.17],[227.05,432.39],[169.44,432.39],[28.79,351.17],[0,301.29],[0,138.82],[28.79,88.94],[169.44,7.72]],"c":true},"ix":2},"nm":"路径 1","mn":"ADBE Vector Shape - Group","hd":false},{"ty":"tr","p":{"a":0,"k":[0,0],"ix":2},"a":{"a":0,"k":[0,0],"ix":1},"s":{"a":0,"k":[100,100],"ix":3},"r":{"a":0,"k":0,"ix":6},"o":{"a":0,"k":100,"ix":7},"sk":{"a":0,"k":0,"ix":4},"sa":{"a":0,"k":0,"ix":5},"nm":"变换"}],"nm":"路径","np":1,"cix":2,"ix":2,"mn":"ADBE Vector Group","hd":false},{"ty":"mm","mm":1,"nm":"合并路径 1","mn":"ADBE Vector Filter - Merge","hd":false},{"ty":"fl","c":{"a":0,"k":[1,1,1,1],"ix":4},"o":{"a":0,"k":100,"ix":5},"r":1,"nm":"填充 1","mn":"ADBE Vector Graphic - Fill","hd":false},{"ty":"tr","p":{"a":0,"k":[0,0],"ix":2},"a":{"a":0,"k":[0,0],"ix":1},"s":{"a":0,"k":[100,100],"ix":3},"r":{"a":0,"k":0,"ix":6},"o":{"a":0,"k":100,"ix":7},"sk":{"a":0,"k":0,"ix":4},"sa":{"a":0,"k":0,"ix":5},"nm":"变换"}],"nm":"Mask Copy","np":4,"cix":2,"ix":1,"mn":"ADBE Vector Group","hd":false}],"ip":-2,"op":898,"st":-2,"bm":0},{"ddd":0,"ind":18,"ty":2,"nm":"矩形.png","cl":"png","td":1,"refId":"image_4","sr":1,"ks":{"o":{"a":0,"k":100,"ix":11},"r":{"a":0,"k":44,"ix":10},"p":{"a":1,"k":[{"i":{"x":0.667,"y":1},"o":{"x":0.333,"y":0},"n":"0p667_1_0p333_0","t":43,"s":[71,233.308,0],"e":[475.655,337.862,0],"to":[47.5807113647461,0,0],"ti":[0,0,0]},{"t":63}],"ix":2},"a":{"a":0,"k":[68,201.5,0],"ix":1},"s":{"a":1,"k":[{"i":{"x":[0.667,0.667,0.667],"y":[1,1,1]},"o":{"x":[0.333,0.333,0.333],"y":[0,0,0]},"n":["0p667_1_0p333_0","0p667_1_0p333_0","0p667_1_0p333_0"],"t":43,"s":[52.969,100,100],"e":[150.76,100,100]},{"i":{"x":[0.667,0.667,0.667],"y":[1,1,1]},"o":{"x":[0.333,0.333,0.333],"y":[0,0,0]},"n":["0p667_1_0p333_0","0p667_1_0p333_0","0p667_1_0p333_0"],"t":53,"s":[150.76,100,100],"e":[50.422,100,100]},{"t":63}],"ix":6}},"ao":0,"ip":2,"op":902,"st":2,"bm":0},{"ddd":0,"ind":19,"ty":4,"nm":"Mask","tt":1,"sr":1,"ks":{"o":{"a":0,"k":100,"ix":11},"r":{"a":0,"k":0,"ix":10},"p":{"a":0,"k":[299.15,270.669,0],"ix":2},"a":{"a":0,"k":[142.498,120,0],"ix":1},"s":{"a":0,"k":[92,92,100],"ix":6}},"ao":0,"shapes":[{"ty":"gr","it":[{"ty":"gr","it":[{"ind":0,"ty":"sh","ix":1,"ks":{"a":0,"k":{"i":[[0,0],[0,0],[1.21,-0.69],[0,0],[1.12,0],[0,0],[0,1.1],[0,0],[0,0],[0,0],[1.12,0],[0,0],[0,1.1],[0,0],[0,1.48],[0,0],[0,0],[0,0],[1.67,0],[0.25,1.7],[0,0],[-1.1,0.16],[-0.1,0],[0,0],[0,0],[-3.04,0.36],[-8.06,0],[-7.21,-0.85],[0,-3.04],[0,0],[0,0],[0,-1.1],[0.01,-0.09],[0,0],[1.73,0],[0,1.66],[0,0]],"o":[[0,0],[0,1.48],[0,0],[0,1.1],[0,0],[-1.12,0],[0,0],[0,0],[0,0],[0,1.1],[0,0],[-1.12,0],[0,0],[-1.21,-0.69],[0,0],[0,0],[0,0],[0,1.66],[-1.73,0],[0,0],[-0.16,-1.09],[0.1,-0.01],[0,0],[0,0],[0,-3.04],[7.21,-0.85],[8.06,0],[3.04,0.36],[0,0],[0,0],[1.12,0],[0,0.09],[0,0],[-0.25,1.7],[-1.67,0],[0,0],[0,0]],"v":[[66.23,12],[66.23,56],[64.21,59.46],[64.21,62],[62.19,64],[56.15,64],[54.13,62],[54.13,60],[21.87,60],[21.87,62],[19.85,64],[13.81,64],[11.79,62],[11.79,59.46],[9.77,56],[9.77,12],[7.76,12],[7.76,19],[4.73,22],[1.28,19.03],[0.02,10.28],[1.73,8.02],[2.02,8],[9.77,8],[9.77,7.24],[15.1,1.28],[38,0],[60.9,1.28],[66.23,7.24],[66.23,8],[73.98,8],[76,10],[75.98,10.28],[74.72,19.03],[71.27,22],[68.24,19],[68.24,12]],"c":true},"ix":2},"nm":"路径 1","mn":"ADBE Vector Shape - Group","hd":false},{"ty":"tr","p":{"a":0,"k":[0,0],"ix":2},"a":{"a":0,"k":[0,0],"ix":1},"s":{"a":0,"k":[100,100],"ix":3},"r":{"a":0,"k":0,"ix":6},"o":{"a":0,"k":100,"ix":7},"sk":{"a":0,"k":0,"ix":4},"sa":{"a":0,"k":0,"ix":5},"nm":"变换"}],"nm":"Path","np":1,"cix":2,"ix":1,"mn":"ADBE Vector Group","hd":false},{"ty":"gr","it":[{"ind":0,"ty":"sh","ix":1,"ks":{"a":0,"k":{"i":[[0,0],[0,-0.95],[0,0],[-1.46,-0.52],[0,0],[-2.95,0],[0,0],[-2.73,0.97],[0,0],[0,1.41],[0,0],[1.07,0]],"o":[[-1.07,0],[0,0],[0,1.41],[0,0],[2.74,0.97],[0,0],[2.94,0],[0,0],[1.47,-0.52],[0,0],[0,-0.95],[0,0]],"v":[[1.93,0],[0,1.72],[0,20.03],[2.42,23.23],[5.5,24.33],[14.1,25.8],[32.18,25.8],[40.77,24.33],[43.85,23.23],[46.28,20.03],[46.28,1.72],[44.35,0]],"c":true},"ix":2},"nm":"路径 1","mn":"ADBE Vector Shape - Group","hd":false},{"ty":"tr","p":{"a":0,"k":[14.86,12],"ix":2},"a":{"a":0,"k":[0,0],"ix":1},"s":{"a":0,"k":[100,100],"ix":3},"r":{"a":0,"k":0,"ix":6},"o":{"a":0,"k":100,"ix":7},"sk":{"a":0,"k":0,"ix":4},"sa":{"a":0,"k":0,"ix":5},"nm":"变换"}],"nm":"Path","np":1,"cix":2,"ix":2,"mn":"ADBE Vector Group","hd":false},{"ty":"mm","mm":1,"nm":"合并路径 1","mn":"ADBE Vector Filter - Merge","hd":false},{"ty":"fl","c":{"a":0,"k":[1,1,1,1],"ix":4},"o":{"a":0,"k":80,"ix":5},"r":1,"nm":"填充 1","mn":"ADBE Vector Graphic - Fill","hd":false},{"ty":"tr","p":{"a":0,"k":[0,0],"ix":2},"a":{"a":0,"k":[0,0],"ix":1},"s":{"a":0,"k":[375,375],"ix":3},"r":{"a":0,"k":0,"ix":6},"o":{"a":0,"k":100,"ix":7},"sk":{"a":0,"k":0,"ix":4},"sa":{"a":0,"k":0,"ix":5},"nm":"变换"}],"nm":"Mask","np":4,"cix":2,"ix":1,"mn":"ADBE Vector Group","hd":false}],"ip":0,"op":900,"st":0,"bm":0},{"ddd":0,"ind":20,"ty":2,"nm":"point.png","cl":"png","refId":"image_5","sr":1,"ks":{"o":{"a":0,"k":100,"ix":11},"r":{"a":0,"k":0,"ix":10},"p":{"a":0,"k":[299.15,278.669,0],"ix":2},"a":{"a":0,"k":[123,105,0],"ix":1},"s":{"a":0,"k":[116,116,100],"ix":6}},"ao":0,"ip":0,"op":900,"st":0,"bm":0},{"ddd":0,"ind":22,"ty":2,"nm":"bg.png","cl":"png","refId":"image_6","sr":1,"ks":{"o":{"a":0,"k":100,"ix":11},"r":{"a":0,"k":0,"ix":10},"p":{"a":0,"k":[300,300,0],"ix":2},"a":{"a":0,"k":[205.5,228,0],"ix":1},"s":{"a":0,"k":[100,100,100],"ix":6}},"ao":0,"ip":0,"op":900,"st":0,"bm":0},{"ddd":0,"ind":23,"ty":2,"nm":"翅膀.png","cl":"png","refId":"image_7","sr":1,"ks":{"o":{"a":1,"k":[{"i":{"x":[0.667],"y":[1]},"o":{"x":[0.333],"y":[0]},"n":["0p667_1_0p333_0"],"t":14,"s":[0],"e":[100]},{"t":26}],"ix":11},"r":{"a":1,"k":[{"i":{"x":[0.667],"y":[1]},"o":{"x":[0.81],"y":[0]},"n":["0p667_1_0p81_0"],"t":14,"s":[20],"e":[-10]},{"i":{"x":[0.833],"y":[1]},"o":{"x":[0.707],"y":[0]},"n":["0p833_1_0p707_0"],"t":27,"s":[-10],"e":[1]},{"i":{"x":[0.833],"y":[1]},"o":{"x":[0.167],"y":[0]},"n":["0p833_1_0p167_0"],"t":33,"s":[1],"e":[0]},{"t":35}],"ix":10},"p":{"a":1,"k":[{"i":{"x":0.667,"y":1},"o":{"x":0.333,"y":0},"n":"0p667_1_0p333_0","t":18,"s":[275,304,0],"e":[375,304,0],"to":[16.6666660308838,0,0],"ti":[-16.6666660308838,0,0]},{"t":27}],"ix":2},"a":{"a":0,"k":[202.375,142.692,0],"ix":1},"s":{"a":0,"k":[-100,100,100],"ix":6}},"ao":0,"ip":-81,"op":819,"st":-81,"bm":0},{"ddd":0,"ind":24,"ty":2,"nm":"翅膀.png","cl":"png","refId":"image_7","sr":1,"ks":{"o":{"a":1,"k":[{"i":{"x":[0.667],"y":[1]},"o":{"x":[0.333],"y":[0]},"n":["0p667_1_0p333_0"],"t":14,"s":[0],"e":[100]},{"t":26}],"ix":11},"r":{"a":1,"k":[{"i":{"x":[0.667],"y":[1]},"o":{"x":[0.81],"y":[0]},"n":["0p667_1_0p81_0"],"t":14,"s":[-20],"e":[10]},{"i":{"x":[0.833],"y":[1]},"o":{"x":[0.707],"y":[0]},"n":["0p833_1_0p707_0"],"t":27,"s":[10],"e":[-1]},{"i":{"x":[0.833],"y":[1]},"o":{"x":[0.167],"y":[0]},"n":["0p833_1_0p167_0"],"t":33,"s":[-1],"e":[0]},{"t":35}],"ix":10},"p":{"a":1,"k":[{"i":{"x":0.667,"y":1},"o":{"x":0.333,"y":0},"n":"0p667_1_0p333_0","t":18,"s":[325,304,0],"e":[225,304,0],"to":[-16.6666660308838,0,0],"ti":[16.6666660308838,0,0]},{"t":27}],"ix":2},"a":{"a":0,"k":[202,144,0],"ix":1},"s":{"a":0,"k":[100,100,100],"ix":6}},"ao":0,"ip":-81,"op":819,"st":-81,"bm":0},{"ddd":0,"ind":25,"ty":2,"nm":"翅膀.png","cl":"png","refId":"image_7","sr":1,"ks":{"o":{"a":1,"k":[{"i":{"x":[0.667],"y":[1]},"o":{"x":[0.333],"y":[0]},"n":["0p667_1_0p333_0"],"t":13,"s":[0],"e":[100]},{"t":25}],"ix":11},"r":{"a":1,"k":[{"i":{"x":[0.667],"y":[1]},"o":{"x":[0.81],"y":[0]},"n":["0p667_1_0p81_0"],"t":13,"s":[-20],"e":[10]},{"i":{"x":[0.833],"y":[1]},"o":{"x":[0.707],"y":[0]},"n":["0p833_1_0p707_0"],"t":26,"s":[10],"e":[-1]},{"i":{"x":[0.833],"y":[1]},"o":{"x":[0.167],"y":[0]},"n":["0p833_1_0p167_0"],"t":32,"s":[-1],"e":[0]},{"t":34}],"ix":10},"p":{"a":1,"k":[{"i":{"x":0.667,"y":1},"o":{"x":0.333,"y":0},"n":"0p667_1_0p333_0","t":17,"s":[255,300,0],"e":[156,300,0],"to":[-16.5,0,0],"ti":[16.5,0,0]},{"t":26}],"ix":2},"a":{"a":0,"k":[101,72,0],"ix":1},"s":{"a":0,"k":[100,100,100],"ix":6}},"ao":0,"ip":-81,"op":819,"st":-81,"bm":0},{"ddd":0,"ind":26,"ty":2,"nm":"翅膀.png","cl":"png","refId":"image_7","sr":1,"ks":{"o":{"a":1,"k":[{"i":{"x":[0.667],"y":[1]},"o":{"x":[0.333],"y":[0]},"n":["0p667_1_0p333_0"],"t":13,"s":[0],"e":[100]},{"t":25}],"ix":11},"r":{"a":1,"k":[{"i":{"x":[0.667],"y":[1]},"o":{"x":[0.81],"y":[0]},"n":["0p667_1_0p81_0"],"t":13,"s":[20],"e":[-10]},{"i":{"x":[0.833],"y":[1]},"o":{"x":[0.707],"y":[0]},"n":["0p833_1_0p707_0"],"t":26,"s":[-10],"e":[1]},{"i":{"x":[0.833],"y":[1]},"o":{"x":[0.167],"y":[0]},"n":["0p833_1_0p167_0"],"t":32,"s":[1],"e":[0]},{"t":34}],"ix":10},"p":{"a":1,"k":[{"i":{"x":0.667,"y":1},"o":{"x":0.333,"y":0},"n":"0p667_1_0p333_0","t":17,"s":[346,300,0],"e":[446,300,0],"to":[16.6666660308838,0,0],"ti":[-16.6666660308838,0,0]},{"t":26}],"ix":2},"a":{"a":0,"k":[101,72,0],"ix":1},"s":{"a":0,"k":[-100,100,100],"ix":6}},"ao":0,"ip":-81,"op":819,"st":-81,"bm":0},{"ddd":0,"ind":27,"ty":2,"nm":"分组 3.png","cl":"png","refId":"image_8","sr":1,"ks":{"o":{"a":1,"k":[{"i":{"x":[0.833],"y":[0.833]},"o":{"x":[0.167],"y":[0.167]},"n":["0p833_0p833_0p167_0p167"],"t":58,"s":[0],"e":[100]},{"i":{"x":[0.833],"y":[0.833]},"o":{"x":[0.167],"y":[0.167]},"n":["0p833_0p833_0p167_0p167"],"t":86,"s":[100],"e":[100]},{"i":{"x":[0.833],"y":[0.833]},"o":{"x":[0.167],"y":[0.167]},"n":["0p833_0p833_0p167_0p167"],"t":244,"s":[100],"e":[0]},{"t":264}],"ix":11},"r":{"a":1,"k":[{"i":{"x":[0.667],"y":[1]},"o":{"x":[0.333],"y":[0]},"n":["0p667_1_0p333_0"],"t":75,"s":[0],"e":[45]},{"t":264}],"ix":10},"p":{"a":0,"k":[294,298,0],"ix":2},"a":{"a":0,"k":[255,260,0],"ix":1},"s":{"a":1,"k":[{"i":{"x":[0.667,0.667,0.667],"y":[1,1,1]},"o":{"x":[0.333,0.333,0.333],"y":[0,0,0]},"n":["0p667_1_0p333_0","0p667_1_0p333_0","0p667_1_0p333_0"],"t":75,"s":[90,90,100],"e":[88,88,100]},{"i":{"x":[0.667,0.667,0.667],"y":[1,1,1]},"o":{"x":[0.333,0.333,0.333],"y":[0,0,0]},"n":["0p667_1_0p333_0","0p667_1_0p333_0","0p667_1_0p333_0"],"t":113,"s":[88,88,100],"e":[90,90,100]},{"i":{"x":[0.667,0.667,0.667],"y":[1,1,1]},"o":{"x":[0.333,0.333,0.333],"y":[0,0,0]},"n":["0p667_1_0p333_0","0p667_1_0p333_0","0p667_1_0p333_0"],"t":164,"s":[90,90,100],"e":[86,86,100]},{"i":{"x":[0.667,0.667,0.667],"y":[1,1,1]},"o":{"x":[0.333,0.333,0.333],"y":[0,0,0]},"n":["0p667_1_0p333_0","0p667_1_0p333_0","0p667_1_0p333_0"],"t":214,"s":[86,86,100],"e":[96,96,100]},{"t":264}],"ix":6}},"ao":0,"hasMask":true,"masksProperties":[{"inv":false,"mode":"a","pt":{"a":0,"k":{"i":[[0,0],[0,0],[0,0],[0,0],[0,0]],"o":[[0,0],[0,0],[0,0],[0,0],[0,0]],"v":[[255,5],[12.481,181.201],[105.115,466.299],[404.885,466.299],[497.519,181.201]],"c":true},"ix":1},"o":{"a":0,"k":100,"ix":3},"x":{"a":0,"k":0,"ix":4},"nm":"蒙版 1"},{"inv":false,"mode":"a","pt":{"a":0,"k":{"i":[[0,0],[0,0],[0,0],[0,0]],"o":[[0,0],[0,0],[0,0],[0,0]],"v":[[631.832,-80],[-89.444,-80],[-89.444,349.141],[631.832,349.141]],"c":true},"ix":1},"o":{"a":0,"k":100,"ix":3},"x":{"a":0,"k":0,"ix":4},"nm":"蒙版 2"}],"ip":-16,"op":884,"st":-16,"bm":0},{"ddd":0,"ind":28,"ty":2,"nm":"分组 3.png","cl":"png","refId":"image_8","sr":1,"ks":{"o":{"a":1,"k":[{"i":{"x":[0.833],"y":[0.833]},"o":{"x":[0.167],"y":[0.167]},"n":["0p833_0p833_0p167_0p167"],"t":58,"s":[0],"e":[60]},{"i":{"x":[0.833],"y":[0.833]},"o":{"x":[0.167],"y":[0.167]},"n":["0p833_0p833_0p167_0p167"],"t":86,"s":[60],"e":[60]},{"i":{"x":[0.833],"y":[0.833]},"o":{"x":[0.167],"y":[0.167]},"n":["0p833_0p833_0p167_0p167"],"t":244,"s":[60],"e":[0]},{"t":264}],"ix":11},"r":{"a":1,"k":[{"i":{"x":[0.667],"y":[1]},"o":{"x":[0.333],"y":[0]},"n":["0p667_1_0p333_0"],"t":75,"s":[0],"e":[120]},{"t":264}],"ix":10},"p":{"a":0,"k":[300,298,0],"ix":2},"a":{"a":0,"k":[255,260,0],"ix":1},"s":{"a":1,"k":[{"i":{"x":[0.667,0.667,0.667],"y":[1,1,1]},"o":{"x":[0.333,0.333,0.333],"y":[0,0,0]},"n":["0p667_1_0p333_0","0p667_1_0p333_0","0p667_1_0p333_0"],"t":75,"s":[80,80,100],"e":[92,92,100]},{"i":{"x":[0.667,0.667,0.667],"y":[1,1,1]},"o":{"x":[0.333,0.333,0.333],"y":[0,0,0]},"n":["0p667_1_0p333_0","0p667_1_0p333_0","0p667_1_0p333_0"],"t":113,"s":[92,92,100],"e":[88,88,100]},{"i":{"x":[0.667,0.667,0.667],"y":[1,1,1]},"o":{"x":[0.333,0.333,0.333],"y":[0,0,0]},"n":["0p667_1_0p333_0","0p667_1_0p333_0","0p667_1_0p333_0"],"t":164,"s":[88,88,100],"e":[92,92,100]},{"i":{"x":[0.667,0.667,0.667],"y":[1,1,1]},"o":{"x":[0.333,0.333,0.333],"y":[0,0,0]},"n":["0p667_1_0p333_0","0p667_1_0p333_0","0p667_1_0p333_0"],"t":214,"s":[92,92,100],"e":[100,100,100]},{"t":264}],"ix":6}},"ao":0,"hasMask":true,"masksProperties":[{"inv":false,"mode":"a","pt":{"a":0,"k":{"i":[[0,0],[0,0],[0,0],[0,0]],"o":[[0,0],[0,0],[0,0],[0,0]],"v":[[625.352,-117.5],[-120,-117.5],[-120,313.34],[625.352,313.34]],"c":true},"ix":1},"o":{"a":0,"k":100,"ix":3},"x":{"a":0,"k":0,"ix":4},"nm":"蒙版 1"}],"ip":-16,"op":884,"st":-16,"bm":0}]}],"layers":[{"ddd":0,"ind":1,"ty":0,"nm":"gold","refId":"comp_0","sr":1,"ks":{"o":{"a":1,"k":[{"i":{"x":[0.667],"y":[1]},"o":{"x":[0.333],"y":[0]},"n":["0p667_1_0p333_0"],"t":10,"s":[0],"e":[100]},{"t":18}],"ix":11},"r":{"a":0,"k":0,"ix":10},"p":{"a":0,"k":[280,280,0],"ix":2},"a":{"a":0,"k":[300,300,0],"ix":1},"s":{"a":1,"k":[{"i":{"x":[0.795,0.795,0.667],"y":[1,1,1]},"o":{"x":[0.456,0.456,0.333],"y":[0,0,0]},"n":["0p795_1_0p456_0","0p795_1_0p456_0","0p667_1_0p333_0"],"t":10,"s":[50,50,100],"e":[85,85,100]},{"i":{"x":[0.474,0.474,0.667],"y":[1,1,1]},"o":{"x":[0.198,0.198,0.333],"y":[0,0,0]},"n":["0p474_1_0p198_0","0p474_1_0p198_0","0p667_1_0p333_0"],"t":18,"s":[85,85,100],"e":[80,80,100]},{"t":23}],"ix":6}},"ao":0,"w":600,"h":600,"ip":0,"op":900,"st":0,"bm":0},{"ddd":0,"ind":2,"ty":2,"nm":"白光.png","cl":"png","refId":"image_9","sr":1,"ks":{"o":{"a":1,"k":[{"i":{"x":[0.667],"y":[1]},"o":{"x":[0.333],"y":[0]},"n":["0p667_1_0p333_0"],"t":10,"s":[0],"e":[100]},{"i":{"x":[0.833],"y":[1]},"o":{"x":[0.167],"y":[0]},"n":["0p833_1_0p167_0"],"t":24,"s":[100],"e":[100]},{"i":{"x":[0.833],"y":[1]},"o":{"x":[0.167],"y":[0]},"n":["0p833_1_0p167_0"],"t":284,"s":[100],"e":[0]},{"t":298}],"ix":11},"r":{"a":1,"k":[{"i":{"x":[0.833],"y":[0.833]},"o":{"x":[0.167],"y":[0.167]},"n":["0p833_0p833_0p167_0p167"],"t":25,"s":[0],"e":[180]},{"t":301}],"ix":10},"p":{"a":0,"k":[280,280,0],"ix":2},"a":{"a":0,"k":[330,330,0],"ix":1},"s":{"a":0,"k":[80,80,100],"ix":6}},"ao":0,"ip":0,"op":900,"st":0,"bm":0}],"markers":[]}